post_id,subreddit,title,body,score,upvote_ratio,num_comments,created_utc,time_filter,permalink,is_self
1nhe8af,Btechtards,Roll No. 21,,10223,0.96,195,2025-09-15 06:16:14,year,https://reddit.com/r/Btechtards/comments/1nhe8af/roll_no_21/,False
1n33hvx,Btechtards,Got suspended due to this slide 💔,,9355,0.94,365,2025-08-29 10:14:21,year,https://reddit.com/r/Btechtards/comments/1n33hvx/got_suspended_due_to_this_slide/,False
1qrzojy,Btechtards,"Received my first month internship stipend - No IIT, No NIT, No Referrals","I just received my first month internship stipend ₹1,00,000/month from a Fortune 500 company.
I’m from a lower middle-class family. No IIT, no NIT, nothing fancy. Just a Tier 3 college in a Tier 2 city.


I attempted JEE Mains and absolutely nuked it because I wasn’t prepared. Messed up my board exams too. With those average marks, the only option was a local Tier 3 college.

But I kept going. I tried to work smart, stayed somewhat consistent, and held on to my ambition. Life broke me down multiple times family issues, personal stuff, everything, but I didn’t quit. I just couldn’t. I kept moving because there was no other choice.

Last October, I got an offer from a WITCH company with a 4 LPA CTC and while it felt good, I wasn’t satisfied. I didn’t want to settle into a comfort zone like many others did 


Then in December, I got little lucky within a span of 4 days my life was entirely changed , recieved this internship offer with the stipend of 100000/ month and a potential to convert to full time. Hoof, still feels like a dream.

My dad has been doing physical labour for 35 years, working 10 hours a day. Seeing me earn what used to be his yearly income in a single month made him so happy

I think this moment is worth the flex. To everyone trying so hard to improve their lives: *don’t lose hope. Work smart, stay consistent. Because luck favours the prepared.*

here is the post link: https://www.reddit.com/r/Btechtards/comments/1qxbaoz/1_lakh_stipend_guy_journey_here/",8899,0.94,669,2026-01-31 11:12:07,year,https://reddit.com/r/Btechtards/comments/1qrzojy/received_my_first_month_internship_stipend_no_iit/,False
1lgqtgt,Btechtards,Seniors🥰,,8331,0.96,108,2025-06-21 07:28:17,year,https://reddit.com/r/Btechtards/comments/1lgqtgt/seniors/,False
1kyxovv,Btechtards,Strategies to Save Your Money 💰,,7624,0.96,116,2025-05-30 06:56:10,year,https://reddit.com/r/Btechtards/comments/1kyxovv/strategies_to_save_your_money/,False
1ntejio,Btechtards,Because dad will always be the real engineer.,,7310,0.99,103,2025-09-29 10:36:05,year,https://reddit.com/r/Btechtards/comments/1ntejio/because_dad_will_always_be_the_real_engineer/,False
1n87a8i,Btechtards,My father when I sent him photo of welding machine 🥀,So today was my first welding practical class and thought about sending this to my parents...,6703,0.99,164,2025-09-04 11:13:55,year,https://reddit.com/r/Btechtards/comments/1n87a8i/my_father_when_i_sent_him_photo_of_welding_machine/,False
1msh2bl,Btechtards,Ahem..,,6205,0.96,151,2025-08-17 04:06:40,year,https://reddit.com/r/Btechtards/comments/1msh2bl/ahem/,False
1oc8pa9,Btechtards,College ❌ youtube ✅,Just another day of fulfilling attendance requirements before going home to actually learn something.,6046,0.99,82,2025-10-21 09:51:26,year,https://reddit.com/r/Btechtards/comments/1oc8pa9/college_youtube/,False
1l5fm8i,Btechtards,Is this true,,6029,0.93,834,2025-06-07 08:04:09,year,https://reddit.com/r/Btechtards/comments/1l5fm8i/is_this_true/,False
1m4wtgn,Btechtards,Whats going on in India !!,,5978,0.98,220,2025-07-20 18:51:43,year,https://reddit.com/r/Btechtards/comments/1m4wtgn/whats_going_on_in_india/,False
1pfshpz,Btechtards,His face expression says it all 💔,,5786,0.94,361,2025-12-06 15:53:08,year,https://reddit.com/r/Btechtards/comments/1pfshpz/his_face_expression_says_it_all/,False
1lri8wc,Btechtards,This guy took 5 jobs and made 800000$ (2.5 Lakh per day ) working remotely. He worked 140 hours a week and barely sleeps.,,5494,0.95,377,2025-07-04 13:03:56,year,https://reddit.com/r/Btechtards/comments/1lri8wc/this_guy_took_5_jobs_and_made_800000_25_lakh_per/,False
1nf4wqx,Btechtards,Life Before Coding,,5438,0.98,92,2025-09-12 14:35:18,year,https://reddit.com/r/Btechtards/comments/1nf4wqx/life_before_coding/,False
1lwfsph,Btechtards,Rate my CV,,5125,0.98,71,2025-07-10 15:34:42,year,https://reddit.com/r/Btechtards/comments/1lwfsph/rate_my_cv/,False
1l1de26,Btechtards,Mom knows everything,,5017,0.97,111,2025-06-02 09:14:03,year,https://reddit.com/r/Btechtards/comments/1l1de26/mom_knows_everything/,False
1ls6wwp,Btechtards,is that true?,,5002,0.88,517,2025-07-05 10:35:43,year,https://reddit.com/r/Btechtards/comments/1ls6wwp/is_that_true/,False
1nxpdam,Btechtards,Fr man 😔,,4721,0.97,91,2025-10-04 09:21:33,year,https://reddit.com/r/Btechtards/comments/1nxpdam/fr_man/,False
1qisb4q,Btechtards,Me rn🤧🤧,,4632,1.0,57,2026-01-21 08:17:55,year,https://reddit.com/r/Btechtards/comments/1qisb4q/me_rn/,False
1ox6tgv,Btechtards,Chandni Chowk to Times Square,Yes it's paid. Yes it's on-site. ,4506,0.97,228,2025-11-14 19:58:53,year,https://reddit.com/r/Btechtards/comments/1ox6tgv/chandni_chowk_to_times_square/,False
1q4f0il,Btechtards,Peak frustration,,4495,0.99,94,2026-01-05 07:08:00,year,https://reddit.com/r/Btechtards/comments/1q4f0il/peak_frustration/,False
1nspw1k,Btechtards,I made a custom gun type controller for counter strike,,4371,1.0,173,2025-09-28 14:35:07,year,https://reddit.com/r/Btechtards/comments/1nspw1k/i_made_a_custom_gun_type_controller_for_counter/,False
1lr8yrf,Btechtards,State of LinkedIn right now,,4309,0.96,234,2025-07-04 03:43:09,year,https://reddit.com/r/Btechtards/comments/1lr8yrf/state_of_linkedin_right_now/,False
1mfv2q2,Btechtards,Got placed!,Got placed in first week itself. Won't reveal CTC but base is 22lpa.,4223,0.97,221,2025-08-02 16:41:16,year,https://reddit.com/r/Btechtards/comments/1mfv2q2/got_placed/,False
1koytrr,Btechtards,"Wake up babe, we got another college by a Youtuber",He's trying to milk his audiance soo hard lmao. I feel bad for people who are joining this thinking of learning actual skills (24 lakhs fees btw),4186,0.98,342,2025-05-17 17:47:55,year,https://reddit.com/r/Btechtards/comments/1koytrr/wake_up_babe_we_got_another_college_by_a_youtuber/,False
1msmwl9,Btechtards,Logic Gate :),,4174,0.99,33,2025-08-17 09:57:45,year,https://reddit.com/r/Btechtards/comments/1msmwl9/logic_gate/,False
1l5g6g8,Btechtards,Are referrals that effective ?,,4154,0.99,114,2025-06-07 08:43:35,year,https://reddit.com/r/Btechtards/comments/1l5g6g8/are_referrals_that_effective/,False
1p2bfvp,Btechtards,Reality🙏,,4109,1.0,43,2025-11-20 18:48:23,year,https://reddit.com/r/Btechtards/comments/1p2bfvp/reality/,False
1lkz6j6,Btechtards,Indians picking career options,,4066,0.97,266,2025-06-26 12:43:32,year,https://reddit.com/r/Btechtards/comments/1lkz6j6/indians_picking_career_options/,False
1mmd9gn,Btechtards,Safest NOIDA college 😭😭,"My best friend took admission in IILM noida ( as you can see in the above pic). So they have an OFFICIAL GROUP of fresher and the boys are taking the phone no. of girls from there and messaging them directly about having sacks 😭😭. The classes have not been started, and yet two incidents have taken place. My friend lost the other ss if she found it i will upload that too. Now i understand women are really unsafe here🥀🥀. Is such an environment common in all engineering colleges?",4062,0.93,478,2025-08-10 08:29:23,year,https://reddit.com/r/Btechtards/comments/1mmd9gn/safest_noida_college/,False
1o1deyk,Btechtards,Feeling Proud Indian Army❤️😈🇮🇳,I have no words,4059,0.96,210,2025-10-08 15:18:45,year,https://reddit.com/r/Btechtards/comments/1o1deyk/feeling_proud_indian_army/,False
1oox43i,Btechtards,Is this true?,I have more than 75 but less than 80. (College- tier 2 NIT),3877,0.97,479,2025-11-05 08:03:55,year,https://reddit.com/r/Btechtards/comments/1oox43i/is_this_true/,False
1l62le2,Btechtards,Always be ready,,3832,0.99,58,2025-06-08 03:24:56,year,https://reddit.com/r/Btechtards/comments/1l62le2/always_be_ready/,False
1ov265i,Btechtards,Got placed at NVIDIA!!!!!!!,"Tier-1/1.5 college, Electrical branch
I am so happy, my hardwork finally paid off!
Can finally enjoy my last semester now ",3789,0.98,252,2025-11-12 11:00:28,year,https://reddit.com/r/Btechtards/comments/1ov265i/got_placed_at_nvidia/,False
1nj4jq8,Btechtards,They become anything except engineers.,,3733,0.98,88,2025-09-17 05:23:19,year,https://reddit.com/r/Btechtards/comments/1nj4jq8/they_become_anything_except_engineers/,False
1p6xo4j,Btechtards,VITB Protest,Creta  hi paltadi 😭😂,3720,0.98,250,2025-11-26 03:51:14,year,https://reddit.com/r/Btechtards/comments/1p6xo4j/vitb_protest/,False
1lyr0rh,Btechtards,From Slums to finally getting placed with a 33L CTC,"This is a surreal moment for me.

After years of struggle, self-doubt, and relentless hustle, I’ve landed a **33 LPA CTC offer at PhonePe**. Coming from the slums, this wasn’t just a placement it was breaking a generational cycle.

I’m not sharing this to flex, but in the hope that someone out there, going through a tough phase, finds a little hope in this post.

I come from a place quite literally next to a sewer. During the monsoons, our home would flood, and every time it did, it reminded me of that iconic scene from Parasite. We didn’t have a backup plan. Both my parents work incredibly hard, yet I’ve always felt they were underpaid and undervalued for the effort they put in. For me, education wasn’t just a path it was the only path.

With support from relatives, a few loans, and the EWS scholarship, I managed to get into a decent state-level engineering college through my state entrance exam. I did fairly well in JEE too (96 percentile), but financial limitations meant I focused on what was most realistic and affordable.

College was the first time I truly saw how different my life had been. Most of my peers came from stable middle-class families. They ordered food daily, went on weekend trips, spoke fluent English, and had exposure to opportunities I had only read about. It didn’t make me bitter but it stung, quietly. Instead of letting that feeling pull me down, I took it as a challenge. I had to work harder, upskill myself, and build a better life not just for me, but for my family.

My college had a decent placement record, which definitely helped. Initially, my goal was simple to land the average package. (Which, to be honest, is a bit of a misleading metric.) But a few things happened that made me aim higher.

The first was my CGPA. Despite feeling burned out at times, I had no plan B, so I pushed myself hard. I ended my first year with a CGPA of **9.63**, and I maintained that exact number until graduation. But the intense focus on academics meant my **DSA and development skills were lacking** and that reality hit me hard during my first hackathon. It humbled me.

But that’s when things began to change. I found a great team, learned from the mistakes of that first hackathon, and eventually we won our first one. And it didn’t stop there. We went on to win **three more hackathons**.

One of the most memorable experiences was **Smart India Hackathon (SIH)**. Even though we didn’t win, it was a major turning point not just technically, but emotionally. SIH gave me my **first-ever flight experience**. Sitting in that airplane seat, looking out the window, I couldn’t stop thinking about the narrow lanes I had grown up in. That flight was more than a ride it was a reminder of how far I’d come.

There was a period where we weren’t even making it past the first round of hackathons. That’s when we realized **web dev alone wasn’t enough**. Most problem statements were leaning toward **Generative AI**, so we learned, adapted, and evolved.

By this point, I had grown confident in development. But my DSA skills still needed work. I used to solve the daily LeetCode problems and occasionally do contests, but I lacked consistency. So I made a decision to commit and solve regularly, no excuses.

Despite the progress, I faced several rejections during the summer internship season. It was tough, but I didn’t give up.

Then came June placement season. I was selected for **JPMC Code for Good**, but unfortunately, things didn’t work out as I had hoped. That only pushed me to prepare harder.

And then, on **7th July**, came **PhonePe** the only 30+ LPA company visiting our campus. I cleared the online assessment, and after **three rigorous interview rounds**, I got the offer.

**33 LPA.** I was overjoyed. Tears rolled down my cheeks. It wasn’t just about the money it was the moment I realized I finally had a chance to **uplift the life of my parents and myself**.

We’ve lived through struggle, but now we get to dream and live a little bigger.

If you’re someone who feels stuck, left behind, or doubting your path please know, your background does not define your future. All it takes is one opportunity. One “yes.” Keep going. It’s possible.

  
TLDR: Got placed with an awesome offer coming from a very humble background.

[Had motion sickness on my first flight](https://preview.redd.it/vfyn5t52smcf1.jpg?width=1200&format=pjpg&auto=webp&s=0dbe18f74744e7f21f0207ad7d9a1004a8ac6869)

https://preview.redd.it/r4jbn842smcf1.jpg?width=1200&format=pjpg&auto=webp&s=1434371c51c81a7384dd59d2accef6b715c6c339

https://preview.redd.it/fx1qah22smcf1.jpg?width=900&format=pjpg&auto=webp&s=1ed836ca8c87917c60659e17519fab841b027b0f

https://preview.redd.it/niro8j22smcf1.jpg?width=1200&format=pjpg&auto=webp&s=a200dbc5b7710d834a624821bee5ebf4fcc656d2

[All the cats 🐱](https://preview.redd.it/fh6l9n22smcf1.jpg?width=1600&format=pjpg&auto=webp&s=a002fe3c6687ae1d72fd6ddd2b8c15ebd29faf69)

",3652,0.98,333,2025-07-13 11:57:12,year,https://reddit.com/r/Btechtards/comments/1lyr0rh/from_slums_to_finally_getting_placed_with_a_33l/,True
1nqu4yl,Btechtards,Bro thinks life is sunshine and rainbows,,3629,0.99,98,2025-09-26 06:33:42,year,https://reddit.com/r/Btechtards/comments/1nqu4yl/bro_thinks_life_is_sunshine_and_rainbows/,False
1m90mjt,Btechtards,Crazy shit happening in Banasthali Vidyapeeth,"this girl was acting mad weird like she was possessed or smth   
first she was just laying down in the corridor all still, then started moving all creepy  
and outta nowhere she just jumps off the first floor like it’s nothing 

idk what’s going on here but it’s def not normal  
check the vid and tell me wtf you think lmao",3626,0.92,903,2025-07-25 14:27:50,year,https://reddit.com/r/Btechtards/comments/1m90mjt/crazy_shit_happening_in_banasthali_vidyapeeth/,False
1lclai7,Btechtards,Ai,,3622,0.98,65,2025-06-16 05:57:42,year,https://reddit.com/r/Btechtards/comments/1lclai7/ai/,False
1oj50b9,Btechtards,Is this thing true guys?,,3619,0.96,390,2025-10-29 13:48:00,year,https://reddit.com/r/Btechtards/comments/1oj50b9/is_this_thing_true_guys/,False
1lj1q4l,Btechtards,Gsoc 1st year ka sach pata chal gya,BC Indian bhut unethical practice karte ….  For such things ,3590,0.97,221,2025-06-24 04:19:16,year,https://reddit.com/r/Btechtards/comments/1lj1q4l/gsoc_1st_year_ka_sach_pata_chal_gya/,False
1o1xwif,Btechtards,Can’t agree more 🙃🙃🙃,,3548,0.99,72,2025-10-09 05:37:00,year,https://reddit.com/r/Btechtards/comments/1o1xwif/cant_agree_more/,False
1sd9jx0,Btechtards,Received my first salary,"‘25 grad, sde at a startup",3526,0.97,427,2026-04-05 17:28:23,year,https://reddit.com/r/Btechtards/comments/1sd9jx0/received_my_first_salary/,False
1qllcri,Btechtards,NIT but still jobless. Now driving Rapido,,3526,0.98,236,2026-01-24 12:07:46,year,https://reddit.com/r/Btechtards/comments/1qllcri/nit_but_still_jobless_now_driving_rapido/,False
1n7ctdg,Btechtards,Monthly Income of the staff in my college,,3527,0.94,745,2025-09-03 11:58:54,year,https://reddit.com/r/Btechtards/comments/1n7ctdg/monthly_income_of_the_staff_in_my_college/,False
1oyewz3,Btechtards,To all my fellow engineerrrs 😼,,3514,0.99,81,2025-11-16 06:51:51,year,https://reddit.com/r/Btechtards/comments/1oyewz3/to_all_my_fellow_engineerrrs/,False
1k8vqoh,Btechtards,Finally done with this shit 🥹🤞,,3456,0.99,73,2025-04-27 04:33:18,year,https://reddit.com/r/Btechtards/comments/1k8vqoh/finally_done_with_this_shit/,False
1q7go77,Btechtards,That One Bro on twitter,,3439,0.95,218,2026-01-08 16:41:39,year,https://reddit.com/r/Btechtards/comments/1q7go77/that_one_bro_on_twitter/,False
1kwf92h,Btechtards,I hate almost 70% peoples in clg 😭🖐🏻,,3418,0.98,163,2025-05-27 05:16:23,year,https://reddit.com/r/Btechtards/comments/1kwf92h/i_hate_almost_70_peoples_in_clg/,False
1pj22ij,Btechtards,Even this is being highlighted just because of his educational qualifications. A normal citizen's life doesn't even matter in our country !,,3391,0.99,110,2025-12-10 13:05:11,year,https://reddit.com/r/Btechtards/comments/1pj22ij/even_this_is_being_highlighted_just_because_of/,False
1odg0o0,Btechtards,Seniors,,3380,1.0,72,2025-10-22 18:15:56,year,https://reddit.com/r/Btechtards/comments/1odg0o0/seniors/,False
1ln9tag,Btechtards,Are we really progressing?,The govt. officials don't trust themselves.,3316,0.95,376,2025-06-29 08:37:20,year,https://reddit.com/r/Btechtards/comments/1ln9tag/are_we_really_progressing/,False
1ldjdeb,Btechtards,"Drop Some College ""Hostel"" Advice's...",,3314,0.95,549,2025-06-17 10:12:40,year,https://reddit.com/r/Btechtards/comments/1ldjdeb/drop_some_college_hostel_advices/,False
1mmgnhn,Btechtards,😛😛,,3264,1.0,51,2025-08-10 11:56:15,year,https://reddit.com/r/Btechtards/comments/1mmgnhn/_/,False
1limjwz,Btechtards,OP received his degree today,,3229,0.95,157,2025-06-23 17:20:40,year,https://reddit.com/r/Btechtards/comments/1limjwz/op_received_his_degree_today/,False
1mb93bj,Btechtards,CSE students right now 💀,Note-Take it as a meme no offence to any branch ,3200,0.99,47,2025-07-28 06:44:54,year,https://reddit.com/r/Btechtards/comments/1mb93bj/cse_students_right_now/,False
1ohq2ir,Btechtards,Why am I not able to sleep?,Kal 8 baje college hai... Needh hi nahi aarahi.. 6 baje ekdam tagdi wali ayegi,3183,1.0,68,2025-10-27 20:47:13,year,https://reddit.com/r/Btechtards/comments/1ohq2ir/why_am_i_not_able_to_sleep/,False
1mcy1um,Btechtards,Is this true?,,3170,0.97,156,2025-07-30 05:16:23,year,https://reddit.com/r/Btechtards/comments/1mcy1um/is_this_true/,False
1nhpb3j,Btechtards,My junior texted his professor for doubt,Riyal shit,3158,0.98,144,2025-09-15 15:40:29,year,https://reddit.com/r/Btechtards/comments/1nhpb3j/my_junior_texted_his_professor_for_doubt/,False
1ofnc2j,Btechtards,GOOGLE IS JEALOUS,Fighting like kids ,3143,0.99,33,2025-10-25 09:32:07,year,https://reddit.com/r/Btechtards/comments/1ofnc2j/google_is_jealous/,False
1le5dmm,Btechtards,Not trynna be ignorant but were y’all this stressed?,"Even I had not other options if I flunked the exam but I just did not really care all that much about it. I always looked at the other exams, as in if not here then elsewhere

But reading [the entire thread](https://x.com/kingofknowwhere/status/1935011849214496972?s=46) makes it look like a death sentence ",3138,0.97,311,2025-06-18 02:02:22,year,https://reddit.com/r/Btechtards/comments/1le5dmm/not_trynna_be_ignorant_but_were_yall_this_stressed/,False
1l8py7k,Btechtards,Views?,,3125,0.96,522,2025-06-11 11:14:34,year,https://reddit.com/r/Btechtards/comments/1l8py7k/views/,False
1mh1dox,Btechtards,LinkedIn is doomed fr 😮‍💨,,3122,0.99,57,2025-08-04 02:13:52,year,https://reddit.com/r/Btechtards/comments/1mh1dox/linkedin_is_doomed_fr/,False
1nyg6pq,Btechtards,Morale boosting post !!!,Coz everyone is getting placed apparently 🙃,3051,0.96,133,2025-10-05 05:49:13,year,https://reddit.com/r/Btechtards/comments/1nyg6pq/morale_boosting_post/,False
1mzkpl5,Btechtards,College Dating - Beware,,3039,0.95,274,2025-08-25 08:15:26,year,https://reddit.com/r/Btechtards/comments/1mzkpl5/college_dating_beware/,False
1pbcm7z,Btechtards,Suicide in SVNIT,"Inner source : boy(btech cse) fell at mid night from 4th floor,noone from management came, those boys who saw him and were near by called ambulance from outside because college ambulance wasnt coming , reached hospital around 2am , waited for doctors just to say that they cant operate without FIR and then 4am he took his last breath , then after that management came. 

If some adult would have taken one step , then that boy might be alive right now.
Shame on Management.

RIP.
Om shanti.",3035,0.99,171,2025-12-01 13:21:24,year,https://reddit.com/r/Btechtards/comments/1pbcm7z/suicide_in_svnit/,False
1mvd1or,Btechtards,What INDIA lags behind education ? 🤔,This image tells itself...,2995,0.93,134,2025-08-20 12:11:53,year,https://reddit.com/r/Btechtards/comments/1mvd1or/what_india_lags_behind_education/,False
1kdu4oh,Btechtards,Used this background in an Interview (G Meet),Interviewer bengali tha and he laughed it off,2982,0.95,203,2025-05-03 14:23:01,year,https://reddit.com/r/Btechtards/comments/1kdu4oh/used_this_background_in_an_interview_g_meet/,False
1quvdf3,Btechtards,Uno banned in my college,"Fine ₹25k 
I Guess i should learn how to play poker",2965,0.99,266,2026-02-03 15:44:56,year,https://reddit.com/r/Btechtards/comments/1quvdf3/uno_banned_in_my_college/,False
1p7to9g,Btechtards,who lost,,2961,0.98,106,2025-11-27 05:08:22,year,https://reddit.com/r/Btechtards/comments/1p7to9g/who_lost/,False
1njjgkv,Btechtards,Facts 💯,,2951,0.98,110,2025-09-17 17:25:35,year,https://reddit.com/r/Btechtards/comments/1njjgkv/facts/,False
1njkqxr,Btechtards,"The reality , i face everyday :)",,2959,1.0,50,2025-09-17 18:11:52,year,https://reddit.com/r/Btechtards/comments/1njkqxr/the_reality_i_face_everyday/,False
1ksh1u3,Btechtards,Couldn't agree more,,2952,0.99,97,2025-05-22 03:29:20,year,https://reddit.com/r/Btechtards/comments/1ksh1u3/couldnt_agree_more/,False
1l3ylm8,Btechtards,BTech over 🥳,"Just one project presentation left! Ordered this to celebrate a little, also hadn’t eaten
anything all day.

By the way, Domino’s is not playing around those wings in the corner box? Spicy as hell. My mouth was on fire for like 20 minutes straight. No joke..",2940,0.97,248,2025-06-05 13:01:15,year,https://reddit.com/r/Btechtards/comments/1l3ylm8/btech_over/,False
1kvo42s,Btechtards,🤓🤓🤙🏻,,2942,0.99,58,2025-05-26 07:06:37,year,https://reddit.com/r/Btechtards/comments/1kvo42s/_/,False
1la9eso,Btechtards,RIYAL SHITT,,2920,0.98,156,2025-06-13 06:57:14,year,https://reddit.com/r/Btechtards/comments/1la9eso/riyal_shitt/,False
1n46gxz,Btechtards,The view from my college,View hei acha hei bss placement ni hoti yaha se ,2910,0.99,143,2025-08-30 16:50:17,year,https://reddit.com/r/Btechtards/comments/1n46gxz/the_view_from_my_college/,False
1qq8607,Btechtards,My mom made Maggie coz I got placed 🥹,,2903,0.99,138,2026-01-29 13:11:49,year,https://reddit.com/r/Btechtards/comments/1qq8607/my_mom_made_maggie_coz_i_got_placed/,False
1phgwxp,Btechtards,Happens everytime,,2847,0.98,199,2025-12-08 16:29:36,year,https://reddit.com/r/Btechtards/comments/1phgwxp/happens_everytime/,False
1mobnvn,Btechtards,And the lafda continues,,2798,0.99,55,2025-08-12 15:22:11,year,https://reddit.com/r/Btechtards/comments/1mobnvn/and_the_lafda_continues/,False
1lcy7f2,Btechtards,😋😋,,2788,0.99,114,2025-06-16 16:59:12,year,https://reddit.com/r/Btechtards/comments/1lcy7f2/_/,False
1o95flb,Btechtards,This was pasted on the restroom wall😭😭,,2784,0.96,257,2025-10-17 16:06:35,year,https://reddit.com/r/Btechtards/comments/1o95flb/this_was_pasted_on_the_restroom_wall/,False
1lufad3,Btechtards,"If these guys were so dumb, how did they make it to ICE Delhi ???",,2785,0.91,394,2025-07-08 04:14:25,year,https://reddit.com/r/Btechtards/comments/1lufad3/if_these_guys_were_so_dumb_how_did_they_make_it/,False
1pi2doo,Btechtards,eye eye tee rank > fields medal🏅. iit bombae cs aluminum 🤯,,2770,0.96,145,2025-12-09 08:34:56,year,https://reddit.com/r/Btechtards/comments/1pi2doo/eye_eye_tee_rank_fields_medal_iit_bombae_cs/,False
1n4ogkr,Btechtards,My setup until I get a laptop,Current working on a project for a Hackathon in my college ,2763,0.99,294,2025-08-31 07:24:40,year,https://reddit.com/r/Btechtards/comments/1n4ogkr/my_setup_until_i_get_a_laptop/,False
1n4z7g1,Btechtards,What happened to Next Gen Colleges Student ???,"Hey I'm just curious about the next gen colleges who are claiming to teach industry based skills and job ready study program, what happened if anyone who are in those colleges can share ur experience ",2754,1.0,17,2025-08-31 16:30:50,year,https://reddit.com/r/Btechtards/comments/1n4z7g1/what_happened_to_next_gen_colleges_student/,False
1m2elmm,Btechtards,Without an IIT/IIM/NIT degree!,He's literally an MIT graduate. ,2733,0.95,246,2025-07-17 18:02:05,year,https://reddit.com/r/Btechtards/comments/1m2elmm/without_an_iitiimnit_degree/,False
1nxn020,Btechtards,Goldman Sachs.,"Division: Asset & Wealth Management  
Stipend: 2.67 lpm  
Period: 10 weeks  
PPO CTC: 50 lpa

I am proud of myself and my parents who made me this capable  
Ask me anything :D  
Also share your experiences with this company.",2708,0.94,282,2025-10-04 06:52:07,year,https://reddit.com/r/Btechtards/comments/1nxn020/goldman_sachs/,False
1kik6yv,Btechtards,I've build bionic arm in my second year of engineering degree,,2693,0.97,358,2025-05-09 14:42:43,year,https://reddit.com/r/Btechtards/comments/1kik6yv/ive_build_bionic_arm_in_my_second_year_of/,False
1qbqbi3,Btechtards,🗣️🗣️,,2694,0.99,46,2026-01-13 12:42:47,year,https://reddit.com/r/Btechtards/comments/1qbqbi3/_/,False
1mzoc8x,Btechtards,Aur karlo cheating 😭,,2651,0.99,60,2025-08-25 11:51:02,year,https://reddit.com/r/Btechtards/comments/1mzoc8x/aur_karlo_cheating/,False
1lxgofw,Btechtards,Thoughts,,2618,0.95,236,2025-07-11 19:56:06,year,https://reddit.com/r/Btechtards/comments/1lxgofw/thoughts/,False
1l7pqcz,Btechtards,Lay-Offs,,2617,0.99,48,2025-06-10 04:24:02,year,https://reddit.com/r/Btechtards/comments/1l7pqcz/layoffs/,False
1nayesp,Btechtards,Me after having a small discussion with my Tier-3 college friends,,2574,0.96,123,2025-09-07 16:55:58,year,https://reddit.com/r/Btechtards/comments/1nayesp/me_after_having_a_small_discussion_with_my_tier3/,False
1oanf0d,Btechtards,OP bought a bike w internship ka paisa!(tier 3 clg ig),"I study in CBIT, Hyderabad. In my final year rn. Thought it was khel khatam when I joined here and my friends joined the top 4 IITs. Got paid at par with them, focused on skill, I only do ML&AI roles(NLP heavy). Did 4 internships so far, all off campus. 1st one was unpaid, 2nd one paid 10k, 3rd one which was my summer internship paid me 65k and the 4th one where I am currently working remotely for 6 months pays me 30k+benefits and the work is super chill.

So yeah, its not the end if you dont get into an IIT, chill karo. IIT is a fast track to a good career yes, but not the only way.",2567,0.98,218,2025-10-19 11:36:31,year,https://reddit.com/r/Btechtards/comments/1oanf0d/op_bought_a_bike_w_internship_ka_paisatier_3_clg/,False
1lmjd4n,Btechtards,Best calculators for ECE branch?,,2549,0.99,84,2025-06-28 10:12:38,year,https://reddit.com/r/Btechtards/comments/1lmjd4n/best_calculators_for_ece_branch/,False
1kolnt9,Btechtards,What's going on 🤡,,2529,0.97,99,2025-05-17 05:39:19,year,https://reddit.com/r/Btechtards/comments/1kolnt9/whats_going_on/,False
1p5b651,Btechtards,NVIDIA came for 34 LPA PPO in our tier 3 college 💀💀,"context - tier 3 college in Pune ( VIT Pune) 
shit ass college huge intake 3000+ CS related intake ( got computer engineering here at 95%ile in JEE mains)",2515,0.98,280,2025-11-24 07:52:01,year,https://reddit.com/r/Btechtards/comments/1p5b651/nvidia_came_for_34_lpa_ppo_in_our_tier_3_college/,False
1mc6mbz,Btechtards,How true is this,,2513,0.97,90,2025-07-29 09:11:44,year,https://reddit.com/r/Btechtards/comments/1mc6mbz/how_true_is_this/,False
1ird6as,Btechtards,Pt.3 Nepali girl suicide in KIIT University,The college administration is trying it's best to cover the issue and they have locked us in our hostels so that we can't protest ,7879,0.96,687,2025-02-17 06:04:33,all,https://reddit.com/r/Btechtards/comments/1ird6as/pt3_nepali_girl_suicide_in_kiit_university/,False
1is5amd,Btechtards,KIIT University now asking students to return (whom they forcefully kicked out) since some ministers and two people from Nepal embassy are coming to check on the situation,,7116,0.98,241,2025-02-18 05:23:27,all,https://reddit.com/r/Btechtards/comments/1is5amd/kiit_university_now_asking_students_to_return/,False
1ihd9yk,Btechtards,Bullying video from NIT SURAT,clip taken from r/TotalKalesh,6093,0.97,617,2025-02-04 08:38:20,all,https://reddit.com/r/Btechtards/comments/1ihd9yk/bullying_video_from_nit_surat/,False
1j1ngfe,Btechtards,Terrorist Attack in VIT??,Today morning I saw this near Main Gate VIT Vellore Campus,5215,0.96,456,2025-03-02 09:53:13,all,https://reddit.com/r/Btechtards/comments/1j1ngfe/terrorist_attack_in_vit/,False
1j1l5wy,Btechtards,How true is this?,,4531,0.98,124,2025-03-02 07:09:19,all,https://reddit.com/r/Btechtards/comments/1j1l5wy/how_true_is_this/,False
1irfv1w,Btechtards,"Regarding the KIIT incident, whoever is still confused here is the clear sequence of events",,4219,0.98,440,2025-02-17 09:13:08,all,https://reddit.com/r/Btechtards/comments/1irfv1w/regarding_the_kiit_incident_whoever_is_still/,False
1irdagt,Btechtards,International students being thrashed by kiit officials and forced to evacuate their hostels,This footage is of an international hostel in kiit where nepali students are forced to leave their hostel after the protest they did for the suicide of a nepali girl who was being harrassed by an indian student.,4208,0.99,310,2025-02-17 06:11:50,all,https://reddit.com/r/Btechtards/comments/1irdagt/international_students_being_thrashed_by_kiit/,False
1i91l7t,Btechtards,Such a pathetic state of our country,,4172,0.92,178,2025-01-24 17:59:26,all,https://reddit.com/r/Btechtards/comments/1i91l7t/such_a_pathetic_state_of_our_country/,False
1is5pzi,Btechtards,Ready for KIIT downfall,Context - https://www.reddit.com/r/Btechtards/s/p1tNHNdtRa,4015,0.99,57,2025-02-18 05:49:40,all,https://reddit.com/r/Btechtards/comments/1is5pzi/ready_for_kiit_downfall/,False
1guuz43,Btechtards,My Final year Major Project,"Project Title: ""Revolutionary Green LED Circuit Using Cutting-Edge 9V Battery Technology""

Project Review:
Ladies and gentlemen, behold the magnum opus of our academic journey! After years of grueling study and sleepless nights, we present to you the pinnacle of human innovation: a glowing LED powered by a 9V battery. Yes, you heard that right—an LED, but not just any LED. It’s a green LED, symbolizing our undying commitment to sustainability and eco-friendliness.

This groundbreaking project was made possible thanks to advanced technological marvels such as:

A 9V Battery: The absolute powerhouse of energy storage. No nuclear reactor or fusion generator could ever compete with this compact yet mighty cell.
An LED: A futuristic light-emitting diode that harnesses the mystical properties of semiconductors. Only the finest specimens of green LEDs, handpicked from local electronics stores, were considered worthy of this project.
Tape: A revolutionary adhesive technology to ensure perfect connections between the LED and battery terminals. Forget soldering; we’re too avant-garde for that.
Wires (Optional): Actually, who needs them when direct connections can be achieved with sheer willpower and carefully bent LED legs?
Challenges Overcome:
The journey to success was not without obstacles. First, we had to master the ancient art of identifying the positive and negative terminals of the LED. This Herculean task required immense patience and dedication. Next, there was the trial-and-error phase of “which side of the battery goes up.” Despite these difficulties, we persevered and triumphed.

Applications:
This technology has the potential to disrupt multiple industries. Imagine a world where LEDs can glow for hours (until the battery dies). Think of the possibilities:

Emergency lighting for one specific desk corner.
A beacon for alien lifeforms to locate Earth.
A prop for science experiments too basic for middle schoolers.
Conclusion:
This project is not just a demonstration of technological prowess but a testament to human ingenuity. Future researchers will marvel at how we achieved so much with so little. Truly, this is a Nobel-worthy endeavor in the field of obvious things that just work.

We would like to thank the 9V battery for its unwavering support, the green LED for its luminescence, and our tape for sticking with us through thick and thin. If you ever doubted that simple things could have a huge impact, this project is here to prove you absolutely right.

Final Grade Suggestion: A+ for effort. Or maybe just for the audacity.

",3972,0.99,142,2024-11-19 11:26:07,all,https://reddit.com/r/Btechtards/comments/1guuz43/my_final_year_major_project/,False
1f1hu71,Btechtards,1st sem starter pack ,,3466,0.97,188,2024-08-26 06:55:02,all,https://reddit.com/r/Btechtards/comments/1f1hu71/1st_sem_starter_pack/,False
1j9rgoe,Btechtards,Is it true,,3189,0.96,305,2025-03-12 18:45:14,all,https://reddit.com/r/Btechtards/comments/1j9rgoe/is_it_true/,False
1dzsidm,Btechtards,Real,,3153,0.97,302,2024-07-10 10:35:44,all,https://reddit.com/r/Btechtards/comments/1dzsidm/real/,False
1jsnqpy,Btechtards,Top 10 Sites in India,,3112,0.96,356,2025-04-06 06:24:17,all,https://reddit.com/r/Btechtards/comments/1jsnqpy/top_10_sites_in_india/,False
1ib9ez1,Btechtards,Fuckin true.,What are the other reasons beside education system?,3015,0.98,100,2025-01-27 13:45:31,all,https://reddit.com/r/Btechtards/comments/1ib9ez1/fuckin_true/,False
1go2q5e,Btechtards,Innovation... mostly at my doorstep ,,3011,0.99,162,2024-11-10 15:10:51,all,https://reddit.com/r/Btechtards/comments/1go2q5e/innovation_mostly_at_my_doorstep/,False
1ecge4j,Btechtards,India Is Not For Beginners ,,3005,0.95,136,2024-07-26 05:36:43,all,https://reddit.com/r/Btechtards/comments/1ecge4j/india_is_not_for_beginners/,False
1gqof7v,Btechtards,Appreciation post for our guys ,,2764,0.99,77,2024-11-13 21:41:55,all,https://reddit.com/r/Btechtards/comments/1gqof7v/appreciation_post_for_our_guys/,False
1hz32nl,Btechtards,W Anand Mahindra ,,2744,1.0,60,2025-01-11 19:01:45,all,https://reddit.com/r/Btechtards/comments/1hz32nl/w_anand_mahindra/,False
1i2r0xg,Btechtards,This is the best post I’ve ever seen on LinkedIn.,,2658,0.99,96,2025-01-16 15:10:40,all,https://reddit.com/r/Btechtards/comments/1i2r0xg/this_is_the_best_post_ive_ever_seen_on_linkedin/,False
1iabh14,Btechtards,Every senior ever?,,2571,0.99,41,2025-01-26 10:45:33,all,https://reddit.com/r/Btechtards/comments/1iabh14/every_senior_ever/,False
1nt956s,Btechtards,BTech degree is a joke nowadays,,2511,0.99,107,2025-09-29 04:45:17,all,https://reddit.com/r/Btechtards/comments/1nt956s/btech_degree_is_a_joke_nowadays/,False
1qsvwyh,Btechtards,...,,2494,0.97,100,2026-02-01 11:19:15,all,https://reddit.com/r/Btechtards/comments/1qsvwyh/_/,False
1np6cd5,Btechtards,😭😭,,2493,0.96,525,2025-09-24 08:00:49,all,https://reddit.com/r/Btechtards/comments/1np6cd5/_/,False
1mynkc0,Btechtards,is GATE really just like JEE?,,2483,0.98,149,2025-08-24 05:45:35,all,https://reddit.com/r/Btechtards/comments/1mynkc0/is_gate_really_just_like_jee/,False
1q26sg1,Btechtards,Peak motivation from canteen waale bhaiya,,2476,1.0,60,2026-01-02 18:41:52,all,https://reddit.com/r/Btechtards/comments/1q26sg1/peak_motivation_from_canteen_waale_bhaiya/,False
1p8vao0,Btechtards,Final year project mein ye bana ke dikhaon toh maanu mein,,2478,0.98,60,2025-11-28 13:49:25,all,https://reddit.com/r/Btechtards/comments/1p8vao0/final_year_project_mein_ye_bana_ke_dikhaon_toh/,False
1nmhuin,Btechtards,College projects be like 🥀,,2462,0.99,43,2025-09-21 03:44:46,all,https://reddit.com/r/Btechtards/comments/1nmhuin/college_projects_be_like/,False
1is5h7m,Btechtards,KIIT University student arrested for alleged abetment of suicide following the tragic death of a Nepali engineering student.,"A student from KIIT University in Bhubaneswar has been arrested by Cuttack Police for the alleged abetment of suicide in the case of a Nepali engineering student. The victim, a female student, died after being harassed and blackmailed by a third-year Mechanical Engineering student, Advik Srivastava, over several months. Despite reporting the harassment, the university failed to provide support. The incident has sparked tensions, with increased security on campus and intervention from the Nepal Embassy. The victim’s family has arrived to collect her body after a post-mortem.",2459,0.99,200,2025-02-18 05:34:47,all,https://reddit.com/r/Btechtards/comments/1is5h7m/kiit_university_student_arrested_for_alleged/,False
1mi5d5q,Btechtards,This man is so annoying,,2449,0.98,350,2025-08-05 10:19:10,all,https://reddit.com/r/Btechtards/comments/1mi5d5q/this_man_is_so_annoying/,False
1mo6adf,Btechtards,this is why I pay for Internet,,2441,0.98,63,2025-08-12 11:37:24,all,https://reddit.com/r/Btechtards/comments/1mo6adf/this_is_why_i_pay_for_internet/,False
1i1rmcz,Btechtards,AANDHI AANE WAALA HAI GAAIJJ!!! your views??,,2416,0.96,272,2025-01-15 06:40:57,all,https://reddit.com/r/Btechtards/comments/1i1rmcz/aandhi_aane_waala_hai_gaaijj_your_views/,False
1nubc4v,Btechtards,Zepto came in my college 🥰,Stronger feets😭,2411,0.98,352,2025-09-30 12:04:49,all,https://reddit.com/r/Btechtards/comments/1nubc4v/zepto_came_in_my_college/,False
1dso2s1,Btechtards,Some people are born to rule the world,,2412,0.94,186,2024-07-01 08:39:06,all,https://reddit.com/r/Btechtards/comments/1dso2s1/some_people_are_born_to_rule_the_world/,False
1pc3pso,Btechtards,Suicide in NIT Patna,"A 3rd year mechanical student commited suicide by hanging in his room..

",2405,0.98,184,2025-12-02 08:59:22,all,https://reddit.com/r/Btechtards/comments/1pc3pso/suicide_in_nit_patna/,False
1fmkli1,Btechtards,Your View on this.,,2395,0.95,192,2024-09-22 03:58:33,all,https://reddit.com/r/Btechtards/comments/1fmkli1/your_view_on_this/,False
1dvtzph,Btechtards,Is this true?,,2394,0.92,254,2024-07-05 09:31:53,all,https://reddit.com/r/Btechtards/comments/1dvtzph/is_this_true/,False
1oppfms,Btechtards,Is this the new low?,One of my college branchmate has this in his linked in. Like seriously nobody gaf about being a headboy of your school,2393,0.97,166,2025-11-06 04:26:55,all,https://reddit.com/r/Btechtards/comments/1oppfms/is_this_the_new_low/,False
1o5eyll,Btechtards,"Lol, International beizzati",Theo bashed indian README .md open source contributors and Bhaiya Didi (Apna college),2394,0.98,97,2025-10-13 09:22:07,all,https://reddit.com/r/Btechtards/comments/1o5eyll/lol_international_beizzati/,False
1l8iy7z,Btechtards,Where Placement ??,,2381,0.99,48,2025-06-11 03:49:05,all,https://reddit.com/r/Btechtards/comments/1l8iy7z/where_placement/,False
1kicat1,Btechtards,DTU CS Student Has Been Caught Abusing CNCF Tag Chairman For Not Getting Selected in GSoC,,2347,0.98,277,2025-05-09 07:00:15,all,https://reddit.com/r/Btechtards/comments/1kicat1/dtu_cs_student_has_been_caught_abusing_cncf_tag/,False
1ittbvh,Btechtards,Director(dictator) of NIT Bhopal instructed police to go inside hostels and beat the shit out of students(innocents),These are video proofs.,2341,0.94,335,2025-02-20 07:53:56,all,https://reddit.com/r/Btechtards/comments/1ittbvh/directordictator_of_nit_bhopal_instructed_police/,False
1cyqicx,Btechtards,Found this hilarious , Self explanatory. ,2337,0.96,123,2024-05-23 11:29:12,all,https://reddit.com/r/Btechtards/comments/1cyqicx/found_this_hilarious/,False
1mc1zdt,Btechtards,Hlo,,2336,0.98,89,2025-07-29 04:22:59,all,https://reddit.com/r/Btechtards/comments/1mc1zdt/hlo/,False
1mthrw4,Btechtards,Engineering student from Sharda University commited suic*de,,2333,0.94,314,2025-08-18 10:01:11,all,https://reddit.com/r/Btechtards/comments/1mthrw4/engineering_student_from_sharda_university/,False
1mc5fhx,Btechtards,Hostel rooms of a tier 3.5 college,"10L for 4 years including hostel and tution fees, SRM AP (75% scholarship)",2334,0.98,341,2025-07-29 07:53:05,all,https://reddit.com/r/Btechtards/comments/1mc5fhx/hostel_rooms_of_a_tier_35_college/,False
1etmg04,Btechtards,real,,2317,0.97,80,2024-08-16 11:36:48,all,https://reddit.com/r/Btechtards/comments/1etmg04/real/,False
1o0a9bd,Btechtards,Ky krna chaiye,,2290,0.97,60,2025-10-07 09:44:14,all,https://reddit.com/r/Btechtards/comments/1o0a9bd/ky_krna_chaiye/,False
1ls2c01,Btechtards,The man must be hell of an Intelligent that he landed 25 Jobs!,,2285,0.97,63,2025-07-05 05:23:04,all,https://reddit.com/r/Btechtards/comments/1ls2c01/the_man_must_be_hell_of_an_intelligent_that_he/,False
1f0r76u,Btechtards,As a consolation at least the food is decent in manipal,But i still crave a tier 1 college’s trashy food with insects in it😢,2276,0.98,184,2024-08-25 07:53:22,all,https://reddit.com/r/Btechtards/comments/1f0r76u/as_a_consolation_at_least_the_food_is_decent_in/,False
